{
  "id": "1912275",
  "name": "xiaomi",
  "font_family": "iconfont",
  "css_prefix_text": "icon-",
  "description": "",
  "glyphs": [
    {
      "icon_id": "1026789",
      "name": "我的-钱包",
      "font_class": "wodeqianbao",
      "unicode": "e641",
      "unicode_decimal": 58945
    },
    {
      "icon_id": "1373866",
      "name": "店铺",
      "font_class": "dianpu",
      "unicode": "e61e",
      "unicode_decimal": 58910
    },
    {
      "icon_id": "1727903",
      "name": "服务",
      "font_class": "fuwu",
      "unicode": "e696",
      "unicode_decimal": 59030
    },
    {
      "icon_id": "4783676",
      "name": "待收货",
      "font_class": "shoucangtubiao-",
      "unicode": "e60b",
      "unicode_decimal": 58891
    },
    {
      "icon_id": "5309448",
      "name": "修理",
      "font_class": "repair",
      "unicode": "e6a8",
      "unicode_decimal": 59048
    },
    {
      "icon_id": "8189201",
      "name": "会员",
      "font_class": "huiyuan",
      "unicode": "e638",
      "unicode_decimal": 58936
    },
    {
      "icon_id": "9446592",
      "name": "待评价",
      "font_class": "pingjia",
      "unicode": "e614",
      "unicode_decimal": 58900
    },
    {
      "icon_id": "11353153",
      "name": "会员",
      "font_class": "huiyuan1",
      "unicode": "e73c",
      "unicode_decimal": 59196
    },
    {
      "icon_id": "12669206",
      "name": "待付款",
      "font_class": "bianzu",
      "unicode": "e6b3",
      "unicode_decimal": 59059
    },
    {
      "icon_id": "14424",
      "name": "搜索",
      "font_class": "sousuo1",
      "unicode": "e639",
      "unicode_decimal": 58937
    },
    {
      "icon_id": "93220",
      "name": "以旧换新 图标-03",
      "font_class": "yijiuhuanxintubiao03",
      "unicode": "e635",
      "unicode_decimal": 58933
    },
    {
      "icon_id": "600119",
      "name": "对话框",
      "font_class": "duihuakuang1",
      "unicode": "e663",
      "unicode_decimal": 58979
    },
    {
      "icon_id": "1762084",
      "name": "拖把",
      "font_class": "tuoba",
      "unicode": "e62b",
      "unicode_decimal": 58923
    },
    {
      "icon_id": "2016738",
      "name": "购物",
      "font_class": "icon_shoppingmall",
      "unicode": "e604",
      "unicode_decimal": 58884
    },
    {
      "icon_id": "2423575",
      "name": "附近的人",
      "font_class": "fujinderen",
      "unicode": "e632",
      "unicode_decimal": 58930
    },
    {
      "icon_id": "3757205",
      "name": "摇一摇",
      "font_class": "yaoyiyao",
      "unicode": "e602",
      "unicode_decimal": 58882
    },
    {
      "icon_id": "4227914",
      "name": "家电",
      "font_class": "jiadian",
      "unicode": "e770",
      "unicode_decimal": 59248
    },
    {
      "icon_id": "4414949",
      "name": "看一看",
      "font_class": "kanyikan",
      "unicode": "e642",
      "unicode_decimal": 58946
    },
    {
      "icon_id": "4414950",
      "name": "漂流瓶",
      "font_class": "piaoliuping",
      "unicode": "e643",
      "unicode_decimal": 58947
    },
    {
      "icon_id": "4414958",
      "name": "扫一扫",
      "font_class": "saoyisao",
      "unicode": "e645",
      "unicode_decimal": 58949
    },
    {
      "icon_id": "4414974",
      "name": "游戏",
      "font_class": "youxi",
      "unicode": "e64f",
      "unicode_decimal": 58959
    },
    {
      "icon_id": "4485956",
      "name": "手机卡",
      "font_class": "shoujiqia",
      "unicode": "e664",
      "unicode_decimal": 58980
    },
    {
      "icon_id": "4627203",
      "name": "搜一搜",
      "font_class": "search",
      "unicode": "e605",
      "unicode_decimal": 58885
    },
    {
      "icon_id": "4988183",
      "name": "朋友圈-彩",
      "font_class": "pengyouquan",
      "unicode": "e666",
      "unicode_decimal": 58982
    },
    {
      "icon_id": "5550765",
      "name": "电视",
      "font_class": "dianshi",
      "unicode": "e640",
      "unicode_decimal": 58944
    },
    {
      "icon_id": "6783432",
      "name": "钻石",
      "font_class": "zuanshi",
      "unicode": "e6a1",
      "unicode_decimal": 59041
    },
    {
      "icon_id": "7145083",
      "name": "皇冠",
      "font_class": "huangguan",
      "unicode": "e609",
      "unicode_decimal": 58889
    },
    {
      "icon_id": "7659551",
      "name": "皇冠",
      "font_class": "huangguan1",
      "unicode": "e606",
      "unicode_decimal": 58886
    },
    {
      "icon_id": "7882126",
      "name": "钻石",
      "font_class": "zuanshi1",
      "unicode": "e653",
      "unicode_decimal": 58963
    },
    {
      "icon_id": "8474844",
      "name": "1 ",
      "font_class": "icon-test",
      "unicode": "e621",
      "unicode_decimal": 58913
    },
    {
      "icon_id": "10075127",
      "name": "更多",
      "font_class": "gengduo",
      "unicode": "e608",
      "unicode_decimal": 58888
    },
    {
      "icon_id": "10483547",
      "name": "小程序",
      "font_class": "xiaochengxu",
      "unicode": "e613",
      "unicode_decimal": 58899
    },
    {
      "icon_id": "11244718",
      "name": "购物",
      "font_class": "gouwu",
      "unicode": "e718",
      "unicode_decimal": 59160
    },
    {
      "icon_id": "11505932",
      "name": "五角星",
      "font_class": "xingzhuang60kaobei2",
      "unicode": "e607",
      "unicode_decimal": 58887
    },
    {
      "icon_id": "13235907",
      "name": "扫一扫",
      "font_class": "sao",
      "unicode": "e60a",
      "unicode_decimal": 58890
    },
    {
      "icon_id": "13996851",
      "name": "1",
      "font_class": "icon-test1",
      "unicode": "e691",
      "unicode_decimal": 59025
    },
    {
      "icon_id": "590998",
      "name": "对话框",
      "font_class": "duihuakuang",
      "unicode": "e63f",
      "unicode_decimal": 58943
    },
    {
      "icon_id": "945236",
      "name": "发现",
      "font_class": "faxian",
      "unicode": "e66c",
      "unicode_decimal": 58988
    },
    {
      "icon_id": "3462543",
      "name": "首页 copy",
      "font_class": "shouyecopy",
      "unicode": "e6a3",
      "unicode_decimal": 59043
    },
    {
      "icon_id": "7511285",
      "name": "分类",
      "font_class": "fenlei",
      "unicode": "e600",
      "unicode_decimal": 58880
    },
    {
      "icon_id": "8958595",
      "name": "我 的 (1)",
      "font_class": "wode",
      "unicode": "e612",
      "unicode_decimal": 58898
    },
    {
      "icon_id": "9657578",
      "name": "分类",
      "font_class": "fenlei1",
      "unicode": "e70a",
      "unicode_decimal": 59146
    },
    {
      "icon_id": "14657749",
      "name": "搜索",
      "font_class": "sousuo",
      "unicode": "e603",
      "unicode_decimal": 58883
    },
    {
      "icon_id": "15022539",
      "name": "购物车",
      "font_class": "gouwuche",
      "unicode": "e601",
      "unicode_decimal": 58881
    }
  ]
}
